"","choose_one","text"
"1",0,"Casualty Team: Ice Cream Recall Sends Chill Through Food Industry http://t.co/6GsAmY6mts"
"2",1,"VIDEO: 'We're picking up bodies from water': Rescuers are searching for hundreds of migrants in the Mediterran... http://t.co/PsPm3ahGKQ"
"3",1,"627% but if they had lower striked than 16 I would have gone even further OTM. This could really fall off a cliff."
"4",0,"@bkanioros Lizeth and I tried over and over again to fix our relationship it never worked bk you cannot heal those wounds I love you for"
"5",0,"White Space Devices Pose Threat to Medical Devices Warns Lawmakers  http://t.co/kZ240R8qp9"
"6",0,"It was a whirlwind love affair that began over back fat and grew into much more."
"7",1,"Property losses from California wildfire nearly double as week-old blaze rages http://t.co/E0UUsnpsq5"
"8",0,"Stay cautious. http://t.co/JeJC9XcTMp"
"9",1,"Concealed Carrier Rescues Hostage Captures Naked Attacker http://t.co/uLy5hM6PqR"
"10",0,"I always wonder why and how media is capable to meet or get details of terrorist? Cops dont even get to know them primarily? Strange"
"11",0,"Whole slew of updated posts coming now that the hosting is fixed! #UnFML #deluge"
"12",1,"Aug 3 1915<U+0089><db><d3>KILL 10000 WITH ROCKS.; Italians Make Good Use of Nature's Weapons -- Excel with Bayonet.
http://t.co/ck1mMvHU0T"
"13",0,"The court<U+0089><U+06EA>s reputation and prestige has sunk ever lower and Prosser who has served on the court since 1998 has... http://t.co/H09nYdbzoV"
"14",1,"Of course the one day I have to dress professionally aka unsensibly for class is the day I have try and outrun a natural disaster!"
"15",0,"An old man shuffled slowly into an ice cream parlor. He ordered a banana split. The waitress asked Crushed nuts? No he said. Arthritis."
"16",1,"How One Couple Is Using Drones to Save Refugees at the World's Deadliest Border http://t.co/9qpG0Z3Rh9"
"17",0,"National free root beer float day is tomorrow at A&amp;W from 2pm-close!! Help support the Wounded Warrior Project with donations!! :)"
"18",0,"Truth...
https://t.co/h6amECX5K7
#News
#BBC
#CNN
#Islam
#Truth
#god
#ISIS
#terrorism
#Quran
#Lies http://t.co/B8iWRdxcm0"
"19",1,"@VICE no sympathyONLF is a terrorist group affiliated with AL shabab This is war! Go report on  war crimes committed by Western powers!"
"20",0,"http://t.co/FhI4qBpwFH @FredOlsenCruise Please take the #FaroeIslands off your itinerary until the mass murder of dolphins &amp; whales stops."
"21",0,"@mickinyman @TheAtlantic That or they might be killed in an airplane accident in the night a car wreck! Politics at it's best."
"22",0,"burned 202 calories doing 30 minutes of Walking 4.0 mph very brisk pace #myfitnesspal"
"23",0,"literally just sunk in we got backty school in exactly a week :S :S :s"
"24",0,"@ChristyCroley Not in the works yet. Did you see the new Vela Short in Blaze? http://t.co/Q8rEoEVluE"
"25",1,"Hello Calgary!! Important news!! Please be advised!!! http://t.co/ARKTJ9Qn4S"
"26",0,"I am that girl on tv that sadly turns her music up to drown out the noise of her family fighting literally every day"
"27",0,"@Caitsroberts see U the night wee bArra to get absolutely wrecked ????"
"28",0,"New Mad Max Screenshots Show Off a Lovely Dust Storm Combat Magnum Opus: New Mad Max screenshots have been<U+0089><db>_ http://t.co/l8dh8KLRKR"
"29",0,"@Anthxvy runs in the blood"
"30",0,"Hellfire! We don<U+0089><U+06EA>t even want to think about it or mention it so let<U+0089><U+06EA>s not do anything that leads to it!"
"31",0,"Owner of Chicago-Area Gay Bar Admits to Arson Scheme http://t.co/MYhOHvrHiL #LGBT | https://t.co/TM5HTHFDO0"
"32",1,"Nazi Mass Murderer Became Chairman At Vaccine Drug Company In... http://t.co/x713OMh6Ai"
"33",0,"New Explosion-proof Tempered Glass Screen Protector Film for Blackberry Z10 - Full read by<U+0089><db>_ http://t.co/z4IlB9y9nU http://t.co/j295MD1SOW"
"34",0,"Britney Spears &gt; Vegas!! I missed you so much! ?? Can<U+0089><U+06EA>t wait for the show tonight ?? #PieceOfMe 

?? Catastrophe ?? http://t.co/4mJyW7p7Cf"
"35",0,"All Hail Lady Cheryl!! 24 Reasons You Should Be Obsessed With Cheryl Cole http://t.co/kigy7M6bGJ"
"36",1,"UPDATE:M.E. confirms 2 women pulled from burning house died last Friday. 91 yr old Edna Jefferson&amp;Doris Sherfield72. http://t.co/L6nSLzl7mI"
"37",1,"A Pyrotechnic Artwork by Cai Guo-Qiang Explodes into a Blossom on the Steps of the Philadelphia... http://t.co/orOvZFsKU2"
"38",1,"Update: I survived. No canoe. 

May have been the fastest feed out in history though."
"39",1,"#forbes #europe China's Stock Market Crash: Are There Gems In The Rubble? http://t.co/C0SlAbBP7j"
"40",1,"'When you attack PP you attack women's health &amp; when you attack women's health you attack America's health.' http://t.co/HXdG24MCQg"
"41",0,"* Screams *"
"42",0,"Weapon's catalogue~"
"43",0,"Soultech - Collide (Club Mix) http://t.co/8xIxBsPOT8"
"44",1,"M1.94 [01:04 UTC]?5km S of Volcano Hawaii. http://t.co/zDtoyd8EbJ"
"45",1,"#OMG! I don't believe this. #RIP bro
#AirPlane #Accident #JetEngine #TurboJet #Boing #G90 http://t.co/KXxnSZp6nk"
"46",1,"@Erker Again?? Eep! Thought of you yesterday when I saw that hella scary hail. #armageddon?"
"47",0,"Armageddon averted by El Patron
#UltimaLucha"
"48",0,"Update: still haven't eaten since 6:30 am still have to clean the dry lot and fill water in quarantine. May pass out"
"49",0,"I made a friend more interesting than all of y'all combined https://t.co/isBtzUJFBm"
"50",1,"#psd #special Olap #world pres: http://t.co/9xO9mKQqsi How To Recognize A Hazardous Waste And The Multidimensi http://t.co/BP03eAFEWR"
"51",1,"The Threat | Anthrax | CDC http://t.co/q6oxzq45VE via @CDCgov"
"52",0,"there are a few people I'd let ruin my life my soul my cervix my everything. Odell is definitely top of that list."
"53",0,"I've just watched episode S01E09 of Bloody Monday! http://t.co/vRptHvPymt #bloodymonday #tvshowtime http://t.co/NkKvknBvOz"
"54",0,"@CBSBigBrother ouch Clelli....you could almost hear their hopes and dreams being crushed !"
"55",0,"@DovahSwag @Gray_Greymane DotA 2 &gt; Heroes Of The Storm &gt; League Of Legends"
"56",1,"Hotel arsonist who caused <e5><U+00A3>70000 damage was <U+0089><db><f7>crying for help<U+0089><U+06EA>: An arsonist has been jailed after a court hear... http://t.co/HNGDdBhewa"
"57",0,"A true #TBT  Eyewitness News WBRE WYOU http://t.co/JHVigsX5Jg"
"58",1,"i remember when i was little and i didnt want to say the pledge and the school collapsed and pit to hell opened"
"59",0,"Being bestfriends with your high school crush???? @yourboy_shawn"
"60",1,"New 15-Day Emergency food supply for natural disaster Earthquake Flood Tornado http://t.co/6hrlBLiIcO http://t.co/WS0nVDUZqW"
"61",1,"You can never escape me. Bullets don't harm me. Nothing harms me. But I know pain. I know pain. Sometimes I share it. With someone like you."
"62",1,"More than 40 families affected by the fatal outbreak of Legionnaires' disease in Edinburgh are<U+0089><db>_ http://t.co/XpvKqME5Ls"
"63",0,"A Year Later Ferguson Sees Change but Asks if It<U+0089><U+06EA>s Real http://t.co/H9vmMDEbDx"
"64",1,"Politicians are using false allegations to attack #PlannedParenthood &amp; harm women. We aren't fooled we #StandwithPP http://t.co/bIE5pfR2Ac"
"65",0,"Black Ops 3 SEARCH AND DESTROY GAMEPLAY! (Hunted SnD Competitive Multiplayer): http://t.co/ss1zL36y9V via @YouTube"
"66",1,"Anthony Kimery Discusses #BioTerrorism on SyFy Channel's 'Joe Rogan Questions Everything' http://t.co/zckJWAcRCs"
"67",0,"@ItsKingRiffYall I'm excited for apocalypse really dig how the x-men franchise is going I like the 'event' theme a lot."
"68",1,"Newlyweds feed thousands of Syrian refugees instead of hosting a banquet wedding dinner -  http://t.co/XZV0lT9ZZk via @smh"
"69",0,"I asked my dad 'what if a tornado comes ?'and he said 'well you better stick your head between your legs and kiss your butt goodbye'??"
"70",0,"@batfanuk we enjoyed the show today. Great fun. The emergency non evacuation was interesting. Have a great run."
"71",0,"One day this heart gone get me zipped up in a body bag."
"72",0,"The tap in the bath exploded and now it looks like someone shit in the bath. I love how great our plumbing is!????"
"73",0,"#NowPlaying the playlist 'When Jazz and Hip-Hop Collide' in @TIDALHiFi http://t.co/mzQq5PAi8G"
"74",0,"I know where to go when the zombies take over!! http://t.co/hUTHXlkyxy"
"75",1,"http://t.co/rOdpt33XFM EverSafe Emergency Auto Kit for all Weather Unsafe hazardous rush-hour gridlock jumper-ca<U+0089><db>_ http://t.co/0BVK5tuB4J"
"76",0,"happy Justin makes my heart explode"
"77",0,"I liked a @YouTube video from @shawlarmedeai http://t.co/NN4fY1WBxf Easy Natural Bride makeup tutorial Makeup explosion Ft ABH Shadow"
"78",0,"i hit my foot now my toe is bleeding ??"
"79",1,"I-77 Mile Marker 31 to 40 South Mooresville  Iredell Vehicle Accident Congestion at 8/6 1:18 PM"
"80",0,"THESE AFTER BATTLE ANIMATIONS ARE SO FUCKING MUCH"
"81",1,"I-77 Mile Marker 31 South Mooresville  Iredell Vehicle Accident Ramp Closed at 8/6 1:18 PM"
"82",1,"Watching Xela firefighters struggle to save burning buildings last night w/ old equipment makes me so grateful for DCFD @ChR3lyc @IAFF36"
"83",0,"Citizens Education Project has acted for years as a watchdog on the Dugway Proving Grounds. http://t.co/NZHXYapLm0"
"84",0,"@Keegan172 I'm devastated"
"85",1,"@Cameron_WATE
 Parents of Colorado theater shooting victim fear copycat massacre

http://t.co/LvlH3W3aWO
#Antioch

http://t.co/vIwXY1XDYK"
"86",1,"#LakeEffect #Snowstorm Twill Denim Jackets   *** ALL MY PROCEEDS FOR ITEMS WITH THIS DESIGN WILL GO TO HELP THE... http://t.co/QmtDXuYktY"
"87",0,"mortal kombat fatalities are so gross but interesting"
"88",0,"Pulse rifles after weapon tuning? http://t.co/UwObuUW2mK"
"89",1,"VIETNAM WAR PATCH US 71st EVACUATION HOSPITAL HIGHLAND MEDICS http://t.co/kIF7M3FQLx http://t.co/Oz6vlWwTNR"
"90",0,"Drought report lists SE Texas as 'abnormally dry' http://t.co/wBOXpyoZj0 #SETXNews"
"91",0,"I checked in at Blazing Horse Tattoo on #Yelp http://t.co/z8nXWmYMWA"
"92",0,"When your child needs emergency care they can be seen in our Emergency Department by @radychildrens Specialists! http://t.co/IGwsTTTkWK"
"93",0,"New Explosion-proof Tempered Glass Screen Protector Film for Blackberry Z10 - Full read by<U+0089><db>_ http://t.co/u1RKPJ3Cbc http://t.co/sJtxhtx71q"
"94",0,"Oh wait I expected to go a totally different route in LS that was derailed by another barely passing grade in a required course. Super."
"95",0,"@joshcorman  #infosec rather you knew it or not your a firefighter  now days  you often  run into burning buildings Deal with it."
"96",1,"12000 Nigerian refugees repatriated from Cameroon http://t.co/LeLYa0vDOg read /////"
"97",0,"@Herologist i know right? It's a train wreck. You can't believe it's happening but you can't look away."
"98",0,"Smackdown tyme this should put me in a good mood again since it got wrecked smh"
"99",0,"Doone Silver Architects has won permission to demolish Birmingham's Natwest Tower and replace it with what will be city<U+0089><U+06EA>s tallest building."
"100",0,"@marek1330 *Zar cringes at the blows but doesn't let Marek go* *He uses Seismic Toss"
"101",1,"The horrific story of being a hostage - The horrific story of being a hostage It's 1974 and on a British... http://t.co/XcQ48OuRvL"
"102",1,"@ThomasHCrown My grandfather was set to be in the first groups of Marines to hit Japan in Operation Olympic. 95% casualty rate predictions"
"103",0,"???? it was an accident http://t.co/Oia5fxi4gM"
"104",0,"@rickoshea @AnthonySHead @NicholasBrendon @DublinComicCon @RTE2fm WHATTT? Oh wow my fangirl head has exploded in a mess of crap everywhere"
"105",1,"@marc_holl @NenniCook @AitchKayCee @vixstuart @benjbeckwith It's not pretty ??#disaster #GBBO #mudslide"
"106",1,"@MaximEristavi Meanwhile in Finland: Nuclear project with Russian Rosatom moves on http://t.co/ogkoeFvzrj"
"107",1,"DOES ANYONE REMEMBER WHEN 5SOS CAME W 1D ON THE TMH TOUR WE HAD A GIANT RAINSTORM AND LAST NIGHT WE HAD ONE ALSO. @5SOS STOP BRINING RAIN"
"108",0,"New doco tonight at 9pm Setanta Sports Ireland freeview. The largest police presence at a soccer game in Ireland stop prevent the rioting"
"109",0,"Ay I am fully panicking lol"
"110",0,"#Nickelodeon paw patrol-- rubble #action pack pup &amp; #badge  LINK:
http://t.co/N7tG7RoAmU http://t.co/U12hHyu1dc"
"111",1,"Mourning notices for stabbing arson victims stir <U+0089><db><f7>politics of grief<U+0089><U+06EA> in Israel http://t.co/eug6zHciun"
"112",0,"i'm sorry i'm so wild in 1d shows like in my wwa show niall started singing steal my girl I literally screamed shut the fuck up"
"113",1,"Hundreds feared drowned as migrant boat capsizes off Libya: Hundreds of migrants are feared to have drowned af... http://t.co/bF3OhacB1r"
"114",0,"But...! Oh! 

How rich the soil?!

How wonderful the upheaval!?

-@ENTERSHIKARI"
"115",1,"No reported cases of people drowning in sweat...FYI"
"116",1,"California wildfires force thousands to evacuate: http://t.co/GFsl2Kwt5h via @YouTube"
"117",1,"Cuban leader extends sympathy to Vietnam over flooding at http://t.co/xLq8G6vb2r"
"118",1,"News Wrap: UN warns female and child casualties are on the rise in Afghanistan http://t.co/vSvY1qe69t #pbs #iraq"
"119",0,"U.S National Park Services Tonto National Forest: Stop the Annihilation of the Salt River Wild Horse... https://t.co/0fekgyBY5F via @Change"
"120",0,"@BuffoonMike I knew mo not doing much would bite us he was influenced by that shitty staff and injuries are not acquisitions"
"121",1,"Why did I come to work today.. Literally wanna collapse of exhaustion"
"122",0,"http://t.co/GKYe6gjTk5 Had a #personalinjury accident this summer? Read our advice &amp; see how a #solicitor can help #OtleyHour"
"123",0,"@ESWEnrage I was a fan back then sadly and even went as her for Halloween in 2007. But I got better. LOL."
"124",1,"Maryland mansion fire that killed 6 caused by damaged plug under Christmas tree report says - Into the flames: Firefighter's bravery..."
"125",0,"Musician Kalle Mattson Recreates 34 Classic Album Covers in Clever Music Video for 'Avalanche' http://t.co/yDJpOpH1DW"
"126",0,"Deaths 3 http://t.co/nApviyGKYK"
"127",0,"#BigData Deluge is out! http://t.co/khatZh7agZ"
"128",0,"@MikeParrActor No no no no no no I'm not believing it! Ross isn't dead! http://t.co/LvOlNtSWDZ"
"129",0,"8' MTech Assisted Open RESCUE Pocket Knife - NEW BLUE MT-A801BL zix http://t.co/51n2rZEBis http://t.co/P4lNbjDo0x"
"130",0,"@40URTY @DonOf_NikeTown snowstorm is my fave episode lmao"
"131",0,"@Schwarzenegger @FoxNews you won't because Dems are focused on flooding our borders with illegal immigrants to add to their voters. #EndofUS"
"132",0,"Four hundred wrecked cars (costing $100 apiece) were purchased for the making of this 1986 film - http://t.co/DTdidinQyF"
"133",0,"...the kids at the orphanage were obviously not too traumatised. http://t.co/DjA4relcnS"
"134",0,"Monkeys Abused by Notorious Laboratory Dealer | A PETA Eyewitness Invest... https://t.co/QGqlpmRfJd via @YouTube"
"135",0,"It's cold and my head wants to explode.. The joys of working from home - I'm going back to bed / peace out ????"
"136",1,"Evacuation order lifted for Roosevelt after #Wildfire misses town - KOMO News http://t.co/qCpMktGLLR"
"137",0,"SCREAMING IN 22 DIFFERENT LANGUAGES http://t.co/rDfaAKKbNJ"
"138",0,"@BroseidonRex @dapurplesharpie I skimmed through twitter and missed this body bagging."
"139",0,"the Internet is sending subliminal messages about ice cream therefore I need a blizzard rn"
"140",1,"@_LalaDeviluke - consequences could have been catastrophic. I was also informed by the security A.I *Mute that you were primarily -"
"141",1,"Home Inventories Can Help all Homeowners  in Case of Natural Disaster - ABC News http://t.co/RNWvkBkhWU via @ABC"
"142",1,"http://t.co/FCqmKFfflW Twelve feared killed in Pakistani air ambulance helicopter crash http://t.co/vAyaYmbNgu"
"143",1,"Remembering #Hiroshima 70 years on. Hundreds of thousands of lives obliterated 70 years of pain devastating... http://t.co/cZpJVJgXRp"
"144",0,"Currently: Uncontrollable meltdown number 2"
"145",0,"I was body Bagging on the ????Today...4got to post my score http://t.co/81g18wSAUk"
"146",1,"Three-alarm fire burning in Antioch apartment complex. @kron4news http://t.co/IH7cTORGRH"
"147",0,"Lol The real issue is the the way the NFL is trying to ruin this guy's legacy. https://t.co/s107ee7CYC"
"148",0,"@SassyNreal Agreed. Whole thing has blown up in their faces right wrong or indifferent. The public is relentless court of public opinion"
"149",0,"@baskgod body bags"
"150",0,"Jane Kelsey on the FIRE Economy
5th Aug 5:30<U+0089><db><d2>7:30pm
Old Govt Buildings Wgton
The context &amp; the driver for #TPP and #TRADEinSERVICESAgreement"
"151",0,"Apollo Brown <U+0089><db><d2> Detonate f. M.O.P. http://t.co/Jn8S0DrWbP #HHBU"
"152",0,"I don't think I've forgiven Angelina Jolie yet sef????"
"153",0,"That 'attitude problem' is a result of constantly being belittled bashed attacked &amp; demoralized. 
FUCK YOU @HOT97"
"154",1,"[Report 5] 18:22:45 Ibaraki Prefecture offing M5.5 Depth 60km Maximum seismic intensity 4 #Earthquake"
"155",0,"@stefsy14 the birthday massacre!!!"
"156",1,"Rly tragedy in MP: Some live to recount horror: <U+0089><db><cf>When I saw coaches of my train plunging into water I called ... http://t.co/0Xh758OnUP"
"157",0,"#sing #tsunami Beginners #computer tutorial.: http://t.co/ia44ncZLif Everyone Wants To Learn To Build A Pc. Re http://t.co/oGTuV1pLhT"
"158",1,"10News ? Water main break disrupts trolley service http://t.co/pAug7a68i0"
"159",0,"AMBULANCE SPRINTER AUTOMATIC FRONTLINE VEHICLE CHOICE OF 14 LEZ COMPLIANT | eBay http://t.co/UJrX9kgawp"
"160",1,"Two giant cranes holding a bridge collapse into nearby homes http://t.co/gSKJqWyI2d"
"161",1,"17 killed in S<U+0089><U+06EA>Arabia mosque suicide bombing

A suicide bomber attacked a mosque in Aseer south-western Saudi... http://t.co/pMTQhiVsXX"
"162",1,"@CTVKathyLe and in other news: don't run into burning buildings"
"163",0,"http://t.co/N6Semm2M6i

SAN ONOFRE NUCLEAR REACTOR WASTE TO BE BURIED UNDER SHORELINE USING 3 BILLION IN TAX PAYER DOLLARS"
"164",0,"DESCRIPTIONS OF 'WOUNDED CATS BEING 'EXCITING' http://t.co/BJycRGfH5y"
"165",0,"Whirlwind full of bombarded kunais."
"166",0,"North American Rescue IFAK Refill Trauma Kit with NEW Red Tip Tourniquet IPOK + http://t.co/wrxwCA35EZ http://t.co/Ve0vXVJOkz"
"167",0,"Detonate (feat. M?.?O?.?P?.?)
from Grandeur by Apollo Brown http://t.co/GFDhFMPCEl"
"168",1,"Missing Malaysian airplane: Debris was planted <U+0089><db><d2> Families News - WhirlWind News http://t.co/bLd0nHKzbh"
"169",0,"WWE 2k15 MyCareer EP18 Tyrone body bagging dudes: http://t.co/mr5bI4KD82 via @YouTube"
"170",0,"So @LawsonOfficial just followed me and I cannot contain my screams of joy! #Thankyou! ??????????"
"171",1,"OMG there's a news chopper over a 3-acre mostly contained fire outside Forest Grove? #slownewsday ?"
"172",1,"Tarp is protecting outfield and cannot be moved. Infield getting deluged."
"173",1,"Californian Bush Fires 2015 http://t.co/rjdX29wosp"
"174",0,"I'm in bed eating a twister and drinking a cup of tea. I am not dunking the twister in the tea. That would be well weird."
"175",0,"Some days I drown in my tears but I don't let it get me down"
"176",0,"So it looks like my @SoundCloud profile shall be no more! Nothing left to offer! DJ mixes obliterated ?? #byebyesoundcloud"
"177",1,"The U.S. also flew over each bomb site in World War II with warning letters telling people to evacuate"
"178",0,"Do you feel deluged by low self-image? Take the quiz: http://t.co/QN4ZYISsPO http://t.co/3VWp7wD56W"
"179",0,"@bomairinge @EluTranscendent straight body bagging."
"180",0,"Listening to my grandad talk about his holiday is great but I don't want to be inundated with train photos ????"
"181",0,"Be annihilated for status education mba on behalf of a on easy street careen: eOvm http://t.co/e0pI0c54FF"
"182",1,"Enugu Government to demolish illegal structures at International Conference Centre http://t.co/ouYLwuIXcs"
"183",0,"okay the cat has been quarantined in my bathroom...its meowing really loud but I turned up the TV louder...things just might work out okay"
"184",1,"#UK Bin Laden family plane crashed after 'avoiding microlight and landing too far down runway': Three members ... http://t.co/fQj0SqU3lG"
"185",1,"#ISIS claims responsibility for Saudi suicide bombing  http://t.co/jlMICJ6jE5"
"186",0,"PSA: MISTI IS ABOUT TO MAKE LAVA CAKE???? #bestdayeva"
"187",0,"salute to all the kids still trapped in adult bodies."
"188",0,"A tornado flew around my room before you came"
"189",1,"No two cases don't constitute an epidemic. http://t.co/jbLrRNMdsM  #plague #health #publichealth"
"190",0,"#wired #business Reddit Will Now Quarantine Offensive Content http://t.co/ZhzVprZbgq"
"191",0,"The way you move is like a full on rainstorm and I'm a house of cards."
"192",1,"UPDATE 4-IS Egypt affiliate threatens to kill Croatian hostage in 48<e5><ca>hours http://t.co/C0zrqIk6KE"
"193",0,"@_itsdanie_ noooo?? I almost drowned you once tho :))))"
"194",0,"@preeti_chopra2 @chinmaykrvd many predicted landslide for nitish nd told bjp will loose bihar nd won't even get upper castes votes"
"195",1,"The day of death destruction chaos; 60000 to 80000 people were killed instantly. Please take sometime to remember and think about others"
"196",0,"Fuck off!"
"197",1,"In #India 119000 people have taken shelter in the 966 relief camps the government has set up after the #floods:   http://t.co/eU8jypIzsd"
"198",0,"It's always super awkward when worlds collide"
"199",1,"Where bottle cherry timbering facilities upheaval entryway?: fJiZzTxK"
"200",1,"@fuckyeahcarey @BornVerified drake killing this dude and tea bagging the dead body at this point"
"201",1,"Refugee Connections Indiegogo campaign will be going live tomorrow! Support us and help launch the only online community for #refugees."
"202",1,"Like how are ppl not burning these buildings down knowing why it was originally created?"
"203",0,"tarmineta3: Breaking news! Unconfirmed! I just heard a loud bang nearby. in what appears to be a blast of wind from my neighbour's ass."
"204",0,"'When you walk away
Nothing more to say
See the lightning in your eyes
See <U+0089><db><f7>em running for their lives'"
"205",0,"I'm not saying you should freak out but Collide starts in 30 mins so you should freak out!  Get<U+0089><db>_ https://t.co/QOK1BSYZEU"
"206",1,"Two giant cranes holding a bridge collapse into nearby homes http://t.co/OQpsvrGbJc"
"207",1,"@Miss_HoMaStToPa cause were on fire we are on fire were on fire now.. Yeah were on fire we are on fire were on fire nowwwwww"
"208",0,"Got it winning by a landslide those the perfect words cause I got it out the mud....."
"209",0,"11000 SEEDS 30 VEGETABLE FRUIT VARIETY GARDEN KIT EMERGENCY SURVIVAL GEAR MRE  - Full rea<U+0089><db>_ http://t.co/DchfPXgY2m http://t.co/UgHpTzjuLK"
"210",1,"@Conservatexian Farrakhan calling for 10000 men to rise up &amp; commit mass murder. http://t.co/gV84WNhB7S"
"211",1,"#Gabon : Oil and Gas Exploration Takes Seismic Shift in Gabon to Somalia http://t.co/SY8nqTLMD3 ^FJ http://t.co/yjDHoDdjox"
"212",1,"Random wind gust just came through #Gander.  Probably some convection outflow.  Haven't heard any thunder yet but a few spits of rain #nlwx"
"213",0,"@KristinDavis @UN @Refugees Thank you @UN and @Refugees for helping so many people in need all over the world.... https://t.co/yPvJgzqqqB <U+0089><db>_"
"214",1,"Cop pulls drunk driver to safety SECONDS before his car is hit by train. http://t.co/C0nKGp6w03<e5><ca> http://t.co/IMWmfDJSSn via @ViralSpell"
"215",0,"I just screamed what the fuck is a hond"
"216",1,"@abc3340 
Parents of Colorado theater shooting victim fear copycat massacre

http://t.co/LvlH3W3aWO
#Antioch

http://t.co/vIwXY1XDYK"
"217",1,"#Politics Democracy<U+0089><U+06EA>s hatred for hate: <U+0089><db>_ Dawabsha threaten to erode Israeli democracy. Homegrown terrorism ha...  http://t.co/q8n5Tn8WME"
"218",0,"@ARobotLegion so be it. You can't tell an oppressed group of people how to react to trauma. That would be stupid and ignorant."
"219",1,"Officials say a quarantine is in place at a Birmingham home over a possible Ebola case.

Edward Khan of the... http://t.co/qnIJ2p8Zv6"
"220",1,"The Bush fires in CA are so crazy"
"221",0,"Just burned the shit outta myself on my dirt bike ??"
"222",0,"Womens Satchel Lattice Chain Studded Cross Body Multi Colour Shoulder Bags Blue http://t.co/qj2kbltCxZ http://t.co/xQpn2zYkCt"
"223",0,"Tomorrow is the day we start armageddon #preseasonworkouts ????"
"224",1,"Nothing to fear. It's all about taking risks."
"225",1,"Madhya Pradesh Train Derailment: Village Youth Saved Many Lives: A group of villagers saved over 70 passengers' lives after two train..."
"226",1,"mentions of 'theatre +shooting' on Twitter spike 30min prior to $ckec collapse http://t.co/uuBOvy9GQI"
"227",0,"Slayer Reflects on Low Mayhem Festival Attendance King Diamond &amp; Jeff Hanneman's Passing http://t.co/E4hcbQSltu"
"228",1,"#floods #ukfloods - British trekkers rescued amid flash floods in Himalayas: A group of British tr... http://t.co/nsfzkfgZnj - #flooding"
"229",1,"133 N past  the 5 L lane is reopened. All other lanes are closed. All lanes are open on the 133 S. Trash truck fire cleanup. @KNX1070"
"230",0,"Happy birthday @lesley_mariiee ?? I miss you so much &amp; i hope you have a great birthday!!????"
"231",0,"@Lobo_paranoico Mad Men"
"232",0,"When bae soak you in mudslide at backroom???? #thisiswhywecanthavenicethings http://t.co/kgxNwzIUxd"
"233",1,".@runjewels appear in a new video by @BBC defending the riots in Ferguson: http://t.co/veh1seVDKO http://t.co/h2GziEfJXt"
"234",0,"Top link: Reddit's new content policy goes into effect many horrible subreddits banned or quarantined http://t.co/HyCmg4ZKY1"
"235",0,"nothing surprises me anymore and i am sure there is more to come... http://t.co/zdpvQmEezS"
"236",1,"'We are still living in the aftershock of Hiroshima people are still the scars of history.' - Edward Bond http://t.co/engTl5wrGp"
"237",0,"Hibernating pbx irrespective of pitch fatality careerism pan: crbZFZ"
"238",1,"70 Years After Atomic Bombs Japan Still Struggles With War Past: The anniversary of the devastation wrought b... http://t.co/LtVVPfLSg8"
"239",0,"Success is not built on success. Its built on failure. Its built on frustration. Its built on catastrophe. #real"
"240",1,"Interesting approach but doesn't replace Eyewitness video. The Ferguson Case - Video - http://t.co/vEcsoSRleR http://t.co/fiUOgj6hEF"
"241",1,"Well this storm hit out of no where! ??"
"242",1,"f496D mhtw4fnet

Pakistan says army helicopter has crashed in country's restive northwest  - Fox News"
"243",1,"Landslide in Italian Alps kills three: ROME (Reuters) - Three people were killed when a severe rainstorm in th... http://t.co/uZwXJBG0Zh"
"244",1,"#news Twelve feared killed in Pakistani air ambulance helicopter crash http://t.co/bFeS5tWBzt #til_now #DNA"
"245",1,"More Severe Weather Heads Toward Chicago Area: A brief violent storm swept through the Chicago area Sunday af... http://t.co/JWSLLsuKjg"
"246",0,"I'm crying that song just ended setting myself on fire  https://t.co/i2El5aCrRW"
"247",0,"Lava Dragon Breeder! I just bred a Lava Dragon in DragonVale! Visit my park to check it out! http://t.co/QGum9xHEOs"
"248",0,"Wow social media really blew up after the shania twain concert"
"249",0,"What if?!"
"250",0,"@johngreen The catastrophic history of you and me"
"251",1,"Obama Declares Disaster for Typhoon-Devastated Saipan: Obama signs disaster declaration for Northern Marians a... http://t.co/AslUFEKOXN"
"252",1,"#MadRiverComplex #CA #CASRF http://t.co/hjWLDCLiE4 Mad River Complex: Evacuation Advisory for Swayback Ridge Area"
"253",1,"Consent Order on cleanup underway at CSX derailment site - Knoxville News Sentinel http://t.co/GieSoMgWTR http://t.co/NMFsgKf1Za"
"254",1,"Tell @BarackObama to rescind medals of 'honor' given to US soldiers at the Massacre of Wounded Knee. SIGN NOW &amp; RT! https://t.co/u4r8dRiuAc"
"255",0,"New Explosion-proof Tempered Glass Screen Protector Film for Blackberry Z10 - Full read by<U+0089><db>_ http://t.co/LgbhdFYrwq http://t.co/9qV8glZSwV"
"256",0,"?? Yes I do have 2 guns ?? ??"
"257",0,"@hitchBOT I heard you might rise from the ashes of Armageddon. .go hitchbot ..like the true superstar you are."
"258",0,"Why are you engulfed by low self-image? Take the quiz: http://t.co/I9dSPDKrUK http://t.co/NEp5aZwKNA"
"259",0,"#hot  Funtenna: hijacking computers to send data as sound waves [Black Hat 2015] http://t.co/gexHzU1VK8 #prebreak #best"
"260",1,"Make man pikin crash ??????"
"261",0,"@OriginalFunko @Spencers THUNDER BUDDYS!"
"262",0,"Body Bagging Bitches ???? http://t.co/aFssGPnZWi"
"263",0,"I read about that break for hours before twitter noticed it and I though that is nothing to worry about bc twitter wasn't exploded bc of it"
"264",0,"smoke whatever you got"
"265",0,"Most of us ddnt get this English  RT @ReIgN_CoCo: The World Is Inundated With Ostentatious People Stay Woke!"
"266",1,"Winnipeg police seek witnesses in Arlington and William fatal crash http://t.co/N2bCf4M64V"
"267",0,"@CarlaChamorros HILLARY A MASS MURDERER."
"268",0,"Bleachers' entire set has been one big game of The Stage Is Lava http://t.co/CLlWUD4Wsu"
"269",0,"Body bagging that I think it's time to bring bags out"
"270",1,"CLOSING THEIR EYES TO DISASTER!  State Department Unaware of Reports Iran is Sanitizing Nuclear Sites http://t.co/yRVGyKdbM6"
"271",1,"[HIGH PRIORITY] SEVERE THUNDERSTORM WATCH ENDED Issued for Red Deer [Updated: Aug 05th 20:29 MDT] http://t.co/ZrIyNa6f6m"
"272",0,"? http://t.co/jGRA7oOISN #Reddit Will Now Quarantine Offensive Content #wired #tech http://t.co/0lTJzyrdS3 ? http://t.co/GvKDAQ4vkh"
"273",0,"RT: A real burn book entry about CA: why the fuck is this place always BURNING"
"274",0,"tagged by @attackonstiles 

millions
a-punk
hang em high
alpha dog
yeah boy and doll face
little white lies
explode http://t.co/lAtsSUo4wS"
"275",1,"Swiss Kosher Hotel Bridge Collapse Injures Five People - http://t.co/TxIestoX5n @JewishPress"
"276",0,"@SW_Trains strange loud impact bang noises under train to Epsom about to arrive #Wimbledon"
"277",1,"The majority of those killed were civilians on the ground after the jet first bombed the city's main street then dramatically plummeted"
"278",0,"The Sea Will Electrocute Us All ??"
"279",1,"Investigators say a fatal Virgin Galactic spaceship crash last year was caused by structural failure after the... http://t.co/SYL7ou7qVW"
"280",0,"Media stocks are getting destroyed (DIS FOXA CMCSA SNI AMCX VIAB VIA TWX) http://t.co/aqinaVl1b6"
"281",0,"#fitness Knee Damage Solution http://t.co/pUMbrNeBJE"
"282",1,"<U+0089><db><f7>We Can Help<U+0089><U+06EA> Says Denver Firefighter Working To Curb First Responder Suicide http://t.co/WtaFaepuKZ"
"283",0,"I liked a @YouTube video from @teamtwiistz http://t.co/OCurjyDRcn FUTURISTIC HOUSE (Built To Survive The Apocalypse!) - Minecraft"
"284",0,"AMBULANCE SPRINTER AUTOMATIC FRONTLINE VEHICLE CHOICE OF 14 LEZ COMPLIANT | eBay http://t.co/q8IVrzOJZv"
"285",1,"You Are Invited to The Expo Explosion Summer Event 2015! 
WHEN: August 14th Friday 2015
WHERE: Ben E Keith... http://t.co/yh4R7Ug21a"
"286",0,"Created save #666 on my current Fallout 3 playthrough. Hail Satan!"
"287",1,"If you did a cannon ball into the ocean then Japan would evacuate."
"288",0,"@stighefootball Begovic has been garbage. He got wrecked by a Red Bull reserve team and everyone else this preseason"
"289",1,"Obama Declares Disaster for Typhoon-Devastated Saipan: Obama signs disaster declaration for Northern Marians a... http://t.co/a1MoeJxqyA"
"290",0,"@TheDailyShow Mahalo nui loa for making my 20s. My generation could not have survived the (W.) Bush years without you. #JonVoyage #holomua"
"291",1,"Russian 'food crematoria' provoke outrage amid crisis famine memories http://t.co/h6Z7hXUqtu via @YahooNews"
"292",1,"Bestie is making me watch texas chainsaw massacre ????????"
"293",0,"19 Things You'll Understand If You Have Trouble Talking to People http://t.co/sHaZNLMsFE"
"294",0,"What is the role of usg in paeds major trauma imaging decision tool? #FOAMed #FOAMcc"
"295",0,"@BloopAndABlast Because I need to know if I'm supposed to throw myself off a bridge for a #Collapse or plan the parade. There is no both"
"296",1,"The 'sanitised narrative' of Hiroshima's atomic bombing. #Hiroshima70 #japan http://t.co/zsyj6sqYCn"
"297",0,"@5SOSFamUpdater social casualty"
"298",1,"the_af comments on 'New evidence of Japan's effort to build atom bomb at the end of WWII' - http://t.co/hcTxghR2Yf"
"299",0,"Turn on your radios #stoponesounds is live on your #airwaves http://t.co/g7S34Sw2aM &amp; 107.9 fm @StickyNYC @95roots  blazing all your hits"
"300",0,"Hey #AZ: Sign this petition to save the #WildHorses @ #TantoNationalForest! A @RollingStones sing-a-long is in order: http://t.co/WM5l8PJ2iY"
"301",1,"Maj Muzzamil Pilot Offr of MI-17 crashed near Mansehra today. May Almighty give strength to family to bear the loss http://t.co/EI1K01zAb3"
"302",0,"http://t.co/ETkd58Un8n - Cleveland Heights Shaker Heights fight blight: The House Next Door http://t.co/LRelVrm06w"
"303",1,"Cross-border terrorism: Pakistan caught red-handed again http://t.co/NVGNF9AcuU"
"304",1,"Great photo by the Tribune's Terrence Antonio James after Green Line derailment (no one hurt fortunately) http://t.co/YFavM641OS"
"305",0,"Wired: Reddit Will Now Quarantine Offensive Content - Reddit co-founder and CEO Steve Huffman has unveiled more sp... http://t.co/aByHRgsS1s"
"306",1,"Migrants drowning - we will be erecting monuments 100 years from now and shed tears for the most powerful nations' greed of letting them die"
"307",0,"@TheNissonian @RejectdCartoons nissan are you ok do you need medical assistance i can call an ambulance if you need me to"
"308",0,"Good diss bad beat and flow. Mark my words Meek Mill is body bagging him once he responds. Patient patient. Meek is a battle rapper!"
"309",1,"Shadowflame and the Wraith: Bombed http://t.co/LDBaO0rSuz via @amazon"
"310",0,"Took'em long enough. Good that they're making some amends though this has still obliterated their reputation. https://t.co/1g9s3KeASL"
"311",0,"@Willie_Am_I @JusttheBottle I would cry in to my nuclear reactor cooling tank!  #winechat"
"312",0,"'It hasn't collapsed because the Greek people are still being played for as fools by Tsipras he cost<U+0089><db>_' <U+0089><db><d3> WallyBaiter http://t.co/gbRNuLp3fH"
"313",1,"I hope the only time I end up on TV is when I'm being arrested for lighting buildings on fire."
"314",0,"hmm what if I've already met my special someone but i dnt even know it ??????"
"315",0,"Due to the rainstorm last night cupcake decorating is happening NOW at the Rec Hall! $2 - proceeds to #IWK! http://t.co/EaRONLwIFh"
"316",0,"@Kaay_Paat it's actually death and takes way longer than you'd think"
"317",1,"Detonation fashionable mountaineering electronic watch water-resistant couples leisure tab<U+0089><db>_ http://t.co/7dYOgLhMRe http://t.co/HKm3rtD4ZF"
"318",0,"@TheSewphist whoever holds the address 'fuckface@wineisdumb.com' is going to be deluged in spam meant for me"
"319",0,".@Emily_Noel95 @SterlingKnight @joeylawrence @ABCFmelissajoey that car crash was pretty fun to film  #melissaandjoeychat"
"320",0,"of all days when I look like death I have to see all of mo city in chick fil a today ??"
"321",0,"@McKenzieBlackw1 love you! Sorry for my screams"
"322",1,"New ISIS Video: ISIS Threatens to Behead Croatian Hostage Within 48 Hours - TLVFaces - TLVFaces#auspol http://t.co/a6PPEgeLOX"
"323",0,"*standing in line at JoAnn's little girl and her mom behind me*

Little girl: Mommy is that a boy or a girl?

...
Welp www"
"324",0,"Evildead - Annihilation of Civilization http://t.co/sPfkE5Kqu4"
"325",0,"This man @zvch4 about to start body bagging these local jokal photographers"
"326",1,"@foxnewsvideo @AIIAmericanGirI @ANHQDC So ... where are the rioters looters and burning buildings????  WHITE LIVES MATTER!!!!!!"
"327",0,"Morgan Silver Dollar 1880 S Gem BU DMPL Cameo Rev Blazing MS+++++ High grade! - Full read <U+0089><db>_ http://t.co/m96KbQwiOr http://t.co/wrJR846fKS"
"328",0,"@justinbieber @ArianaGrande IM SCREAMING"
"329",0,"@joshacagan Your only option now is to move to an desolate island with nothing but a stack of DVDs you can<U+0089><U+06EA>t watch."
"330",0,"http://t.co/DeQQOpSP4f: Iger's 3 words that wrecked Disney's stock http://t.co/LbKvFqRpgT http://t.co/3rVa5uvt0P"
"331",0,"Blonde teen Courtney Laudner teases in her panties http://t.co/qew4c5M1xd View and download video"
"332",0,"act my age was a MESS everyone was so wild it was so fun my videos a wreck"
"333",0,"The court system is truly broken indeed! But then its no surprise based on who it's run by! http://t.co/uU64wfg17m"
"334",0,"If you ever think you running out of choices in life rembr there's that kid that has no choice but wear a suicide bomb vest"
"335",0,"@Tunes_WGG lol. U got wrecked"
"336",1,"If I fall is men GOD @Praiz8 is d bomb well av always known dat since 2008 bigger u I pray sir"
"337",0,"#CANCER : everything seems catastrophic you feel you can not be worse. Hit rock bottom. You recover. You start again. After a while got it"
"338",0,"Remember to crowd around the baggage carousel like it's armageddon and the bags are the last remaining food items on earth you animals."
"339",0,"#Poetry #friendship Lifes Giants - Is life throwing rubble at you ? Are there giants in your mind ? http://t.co/G4wipbG0jx ~LyricalEyes"
"340",0,"#hot  Funtenna: hijacking computers to send data as sound waves [Black Hat 2015] http://t.co/f6PCzLWBWk #prebreak #best"
"341",0,"Ancient Mayan Tablet with Hieroglyphics Honors Lowly King http://t.co/WqIKqx9E3w"
"342",1,"70 Years After Atomic Bombs Japan Still Struggles With War Past: The anniversary of the devastation wrought b... http://t.co/vFCtrzaOk2"
"343",0,"@BCFCTicketLady @Mr_Aamir_Javaid Can see you and inundated ATM so just wanted to say well done.  You are doing a grand job #KRO"
"344",1,"@ColdMpress You up to commiting mass murder tonight?"
"345",0,"Off The Wall Invincible and HIStory + Blood On The Dance Floor https://t.co/ZNTg2wndmJ"
"346",1,"Reddit Will Now Quarantine Offensive Content http://t.co/WosYPVQUFI http://t.co/XW8SDS1Tjp"
"347",0,"*wants to make tweet about how much I dislike todays femnism movement but doesn't want to be screamed at' http://t.co/R7pVTSdUmA"
"348",0,"'Save me from my self don't let me drown'."
"349",1,"Now that's what you call a batting collapse #theashes"
"350",1,"'I came to kill Indians...for FUN': Video of smirking and remorseless Pakistani killer shows him boasting. http://t.co/FPjLwOXKlg"
"351",0,"Womens Buckle Casual Stylish Shoulder Handbags Pockets Cross Body Bags Green http://t.co/Jqso4fyZp4 http://t.co/F4XnPliO5S"
"352",1,"@gg_keeponrockin @StrawberrySoryu Oh okay I just got the message twice and got suspicious. Sorry.  I'll check it out!"
"353",1,"#Detroit has made progress against blight but too many burned out shells of houses remain."
"354",1,"Senator 'alarmed' by reports U.S. military families harassed: A U.S. Senator said on Wednesday he was alarmed by<U+0089><db>_ http://t.co/sbILA2Yqjq"
"355",0,"Which is true to an extent. The obliteration of white privilege would reduce unfair favoritism."
"356",0,"Mr. T stopped wearing gold chains in 2005 because he thought it would be an insult to the people who lost everything after Hurricane Katrina"
"357",1,"For those impacted by the #CalWildfires here are some great recovery tips to help you in the aftermath http://t.co/wwxbGuBww5"
"358",0,"@davidolszak or the rioting in happy valley after penn state loses?"
"359",1,"Bayelsa poll: Tension in Bayelsa as Patience Jonathan plans to hijack APC PDP: Plans by former First Lady and... http://t.co/86RSYy2tng"
"360",1,"View of smoke column rising above the south end of the Blake Fire along Forest Road 1. #RouteComplex http://t.co/Yqg5Pvw5gX"
"361",1,"Does homeowners insurance cover water damage? Here are some good things to know. http://t.co/0uSDI5JCHo http://t.co/xyg7JhRjoF"
"362",1,"Sad that biker beatdown derailed his pro-democracy work as @NYPDnews undercover: http://t.co/iHHRKG4V1S. http://t.co/aryU5qNgJJ"
"363",1,"Arsonist Sets NYC Vegetarian Restaurant on Fire: Police #NewYork - http://t.co/Nr7usT3uh8"
"364",1,"When Rescuers Found Him He ... http://t.co/sTDCdHQxJX"
"365",0,"#hot  Funtenna: hijacking computers to send data as sound waves [Black Hat 2015] http://t.co/nQiObcZKrT #prebreak #best"
"366",1,"Man Hears a Loud 'Bang' Finds a Newborn Baby in a Dumpster http://t.co/W815ol0mBV via @ijreview"
"367",1,"@LawfulSurvivor T-Dog had been holed up in an apartment store with several other survivors Glenn Morales Andrea Jacqui and Merle.--"
"368",0,"HE SAID THE DOMINOS LAVA CAKES WERE BETTER THAN CULINARY CUISINE"
"369",0,"@KaiSeiw And then there's people like me where my whole people are named Desolation"
"370",0,"@kirstiealley @_AnimalAdvocate Or pay it for a photo safari no weapons allowed. Otherwise=they just like to kill something."
"371",0,"I'm hungry as a hostage"
"372",0,"Thief Broke Front Window Of Hicksville Store Stole 50 Cell Phones; Fled Crashed Into... http://t.co/6odNBttPSq"
"373",0,"In @edfringe? We highly recommend @M00NF00L #Titania @Summerhallery A whirlwind reimagining /Shakespeare's Midsummer https://t.co/iIAIGZkbnJ"
"374",0,"@APPLEOFFIClAL Migrating from iPhoto to Photo is a catastrophe. I have wasted days trying to get this to work. 12 hrsto get to 8% complete."
"375",0,"Why did God order obliteration of ancient Canaanites? http://t.co/NLk1DYD2tP"
"376",1,"Accident center lane blocked in #SantaClara on US-101 NB before Great America Pkwy #BayArea #Traffic http://t.co/pmlOhZuRWR"
"377",0,"For THIS FAN this was 1 upheaval too many! Done with this garbage of a show! @ABCNetwork @shondarhimes @EllenPompeo  https://t.co/hq5TDxKqHB"
"378",1,"RT @TheAdvocateMag: Owner of Chicago-Area Gay Bar Admits to Arson Scheme http://t.co/wHTMwtgROJ #p2 #LGBT"
"379",1,"Get out of the hailstorm and come down to @TheBrokenCity 2night at 9PM to catch a screening ft. @thebanffcentre! There will be BEER + FOOD!"
"380",0,"@phiddleface NOT IF THERES A CHOKING HAZARD!!! ???? dont die before i get there!!"
"381",1,"New Nanotech Device Will Be Able To Target And Destroy Blood Clots http://t.co/MnmyJXQ9go #science"
"382",1,"Suicide bomber kills 15 in Saudi security site mosque  #world #news"
"383",1,"Car engulfed in flames backs up traffic at Parley<U+0089><U+06EA>s Summit http://t.co/RmucfjCaZr"
"384",0,"@Lavamobiles    ..i have lava iris 3G 402"
"385",1,"Australia's Ashes disaster - how the collapse unfolded at Trent Bridge... http://t.co/Dq3ddGvgBF
 #cricket"
"386",0,"#BreakingNews http://t.co/gAN14PW9TG FedEx no longer willing to transport research specimens of potential bioter<U+0089><db>_ http://t.co/5n4hUsewLy"
"387",1,"Escaping her captors was the 1st step. Now she must survive a deadly storm &amp; a wild-looking recluse.
BETRAYED
http://t.co/0Q040STkCV
#books"
"388",0,"women crush for sure ???? http://t.co/7fQjvTd4GN"
"389",1,"Twelve feared killed in Pakistani air ambulance helicopter crash http://t.co/Xum8YLcb4Q"
"390",0,"Thank You Senator @timkaine for your Leadership on #IranDeal 
Our Military deserves nothing less. THANK YOU!!

https://t.co/578GUNP8t9"
"391",0,"Not because i want to cheat or anything. Just feels good to vent to my twitter without a txt being screamed at lol"
"392",1,"MH370: Aircraft debris found on La Reunion is from missing Malaysia Airlines ... - ABC Onlin... http://t.co/N3lNdJKYo3 G #Malaysia #News"
"393",0,"SETTING MYSELF ABLAZE http://t.co/6vMe7P5XhC"
"394",1,"Captured terrorist Naved not registered as our citizen: Pakistan http://t.co/0FS9kSV5xK"
"395",1,"Heat wave adding to the misery of internally-displaced Gazans http://t.co/jW3hN9ewFT via @PressTV http://t.co/NYWrkRQ7Kn"
"396",1,"#Aphid population in #NorthIowa has exploded in last 4 days! http://t.co/cw6jxYVbNj #FromTheField"
"397",0,"http://t.co/eHKLp12yiP Paci?c Media Centre | articles: AUSTRALIA: RSF protests over new security gag over reporting on..."
"398",1,"./.....hmm 12000 Nigerian refugees repatriated from Cameroon http://t.co/96p3hUJNTj /("
"399",0,"@soapscoop i need you to confirm that ross is dead cause i dont trust anyone else yh"
"400",1,"@GodOf_Mischief_ -of Loki's daggers she pulled it out and jammed it into Mina's thigh. When Mina screamed and grabbed at her leg sif-"
